{
  "registeredUsers": [
    {
      "id": "1vr4",
      "firstName": "Jon",
      "lastName": "Doe",
      "email": "jondoe@bmail.com",
      "password": "react",
      "accountNumber": "101",
      "accountBalance": 0
    },
    {
      "id": "jrs5",
      "firstName": "Jane",
      "lastName": "Smith",
      "email": "janesmith@bmail.com",
      "password": "react",
      "accountNumber": "102",
      "accountBalance": 0
    },
    {
      "id": "d4c2",
      "firstName": "New user",
      "lastName": "One",
      "email": "nu1@bmail.com",
      "accountNumber": "103",
      "accountBalance": 0
    },
    {
      "id": "0c7a",
      "firstName": "Sai",
      "lastName": "Srinivas",
      "email": "sai@bmail.com",
      "password": "123",
      "accountNumber": "103",
      "accountBalance": 0
    },
    {
      "id": "2fed",
      "firstName": "",
      "lastName": "",
      "email": "",
      "password": "",
      "accountNumber": "",
      "accountBalance": ""
    },
    {
      "id": "b157",
      "firstName": "user 2",
      "lastName": "two",
      "email": "u2@bmail.com",
      "password": "123",
      "accountNumber": "103",
      "accountBalance": 0
    },
    {
      "id": "0fe5",
      "firstName": "user 2",
      "lastName": "two",
      "email": "u2@bmail.com",
      "password": "123",
      "accountNumber": "103",
      "accountBalance": 0,
      "firstname": "user 3"
    },
    {
      "id": "f6f3",
      "firstName": "user 3",
      "lastName": "two",
      "email": "u3@bmail.com",
      "password": "123",
      "accountNumber": "103",
      "accountBalance": 0
    },
    {
      "id": "e1a3",
      "firstName": "",
      "lastName": "",
      "email": "",
      "password": "",
      "accountNumber": "",
      "accountBalance": "",
      "firstname": "dsflsid"
    },
    {
      "id": "036c",
      "firstName": "dsflsid",
      "lastName": "sdssfd",
      "email": "sas@sd.ads",
      "password": "1",
      "accountNumber": "103",
      "accountBalance": 0,
      "firstname": "new user 3"
    },
    {
      "id": "d044",
      "firstname": "fname"
    },
    {
      "id": "1c7c",
      "firstName": "",
      "lastName": "new",
      "email": "",
      "password": "",
      "accountNumber": "",
      "accountBalance": "",
      "firstname": "NewUSer4"
    },
    {
      "id": "4235",
      "firstName": "",
      "lastName": "new",
      "email": "",
      "password": "",
      "accountNumber": "",
      "accountBalance": "",
      "firstname": "NewUSer4"
    },
    {
      "id": "0a50",
      "firstName": "",
      "lastName": "new",
      "email": "",
      "password": "",
      "accountNumber": "",
      "accountBalance": "",
      "firstname": "NewUSer4"
    },
    {
      "id": "3ba6",
      "firstName": "NewUSer4",
      "lastName": "new",
      "email": "n@gmail.com",
      "password": "122",
      "accountNumber": "103",
      "accountBalance": 0
    },
    {
      "id": "5a9e",
      "firstName": "NewUSer4",
      "lastName": "new",
      "email": "n@gmail.com",
      "password": "122",
      "accountNumber": "103",
      "accountBalance": 0
    },
    {
      "id": "40e5",
      "firstName": "NewUSer4",
      "lastName": "new",
      "email": "n@gmail.com",
      "password": "122",
      "accountNumber": "103",
      "accountBalance": 0,
      "firstname": "NewUSer5"
    },
    {
      "id": "8ffa",
      "firstName": "NewUSer5",
      "lastName": "new",
      "email": "n@gmail.com",
      "password": "122",
      "accountNumber": "103",
      "accountBalance": 0
    }
  ]
}